{"cameraMode":{"drawMode":0,"name":"Shaded","section":"Shading Mode"},"sceneLighting":true,"audioPlay":false,"sceneViewState":{"showFog":true,"showMaterialUpdate":true,"showSkybox":true,"showFlares":true,"showImageEffects":true,"showParticleSystems":true},"in2DMode":false,"pivot":{"x":37.63811492919922,"y":-7.923839569091797,"z":81.98111724853516},"rotation":{"x":0.6298192739486694,"y":0.006778835318982601,"z":-0.0054986015893518929,"w":0.7767625451087952},"size":84.10653686523438,"orthographic":false}