{"cameraMode":{"drawMode":0,"name":"Shaded","section":"Shading Mode"},"sceneLighting":true,"audioPlay":false,"sceneViewState":{"showFog":true,"showMaterialUpdate":true,"showSkybox":true,"showFlares":true,"showImageEffects":true,"showParticleSystems":true},"in2DMode":false,"pivot":{"x":8.817949295043946,"y":1.6329342126846314,"z":-1.1273037195205689},"rotation":{"x":0.5559199452400208,"y":-0.09941841661930084,"z":0.06717493385076523,"w":0.8225920796394348},"size":5.639819622039795,"orthographic":false}